,City,Country,Temperature,Humidity,Cloudiness,Wind Speed,Latitude,Longitude,Time
0,ushuaia,ar,42.8,70.0,75.0,12.75,-54.81,-68.31,1563056885.0
2,hermanus,za,55.99,91.0,0.0,5.01,-34.42,19.24,1563056888.0
3,kapaa,us,84.2,70.0,75.0,14.99,22.08,-159.32,1563056651.0
4,zhuanghe,cn,64.82,87.0,40.0,3.15,39.7,122.97,1563056848.0
5,port alfred,za,55.0,93.0,0.0,4.0,-33.59,26.89,1563056892.0
7,cape town,za,53.01,100.0,0.0,4.7,-33.93,18.42,1563056895.0
8,rikitea,pf,74.72,84.0,0.0,13.09,-23.12,-134.97,1563056897.0
9,klaksvik,fo,50.0,100.0,100.0,12.75,62.23,-6.59,1563056898.0
10,college,us,73.4,64.0,1.0,4.7,64.86,-147.8,1563056900.0
11,kilindoni,tz,78.5,79.0,9.0,19.86,-7.91,39.67,1563056901.0
12,saskylakh,ru,49.88,57.0,0.0,3.85,71.97,114.09,1563056903.0
14,busselton,au,43.0,74.0,0.0,20.0,-33.64,115.35,1563056906.0
15,nanortalik,gl,45.02,79.0,14.0,7.81,60.14,-45.24,1563056907.0
16,faanui,pf,78.14,72.0,0.0,3.31,-16.48,-151.75,1563056909.0
17,mar del plata,ar,47.0,53.0,60.0,14.45,-46.43,-67.52,1563056910.0
18,hobart,au,48.2,66.0,75.0,12.75,-42.88,147.33,1563056796.0
19,avarua,ck,69.8,83.0,100.0,2.24,-21.21,-159.78,1563056867.0
20,bethel,us,62.6,67.0,75.0,9.17,60.79,-161.76,1563056915.0
21,qaanaaq,gl,45.74,61.0,100.0,9.91,77.48,-69.36,1563056916.0
22,puerto ayacucho,ve,82.4,78.0,40.0,5.93,5.66,-67.62,1563056918.0
23,thompson,ca,73.4,60.0,90.0,9.17,55.74,-97.86,1563056919.0
24,bambous virieux,mu,71.6,53.0,75.0,11.41,-20.34,57.76,1563056921.0
25,butaritari,ki,83.9,62.0,100.0,6.46,3.07,172.79,1563056922.0
26,chuguyevka,ru,61.22,94.0,100.0,1.66,44.17,133.87,1563056924.0
27,tecoanapa,mx,87.8,70.0,75.0,4.7,16.99,-99.26,1563056925.0
28,samus,ru,64.0,87.0,0.0,2.24,56.74,84.7,1563056927.0
30,tiznit,ma,68.42,88.0,0.0,12.33,29.7,-9.73,1563056724.0
31,tasiilaq,gl,37.4,93.0,40.0,8.05,65.61,-37.64,1563056931.0
32,iqaluit,ca,51.8,71.0,20.0,12.75,63.75,-68.52,1563056933.0
33,ponta do sol,cv,75.2,73.0,20.0,18.34,17.2,-25.09,1563056934.0
34,cherskiy,ru,45.92,72.0,91.0,15.82,68.75,161.3,1563056936.0
35,puerto ayora,ec,80.6,51.0,40.0,12.75,-0.74,-90.35,1563056937.0
36,newport,us,84.99,61.0,1.0,8.05,41.49,-71.31,1563056939.0
38,bonnyville,ca,75.2,50.0,75.0,5.82,54.27,-110.74,1563056941.0
39,batouri,cm,69.32,94.0,100.0,1.05,4.44,14.36,1563056943.0
40,shaowu,cn,70.76,98.0,100.0,1.61,27.34,117.49,1563056945.0
41,ossora,ru,68.06,53.0,0.0,2.13,59.24,163.07,1563056946.0
42,buraydah,sa,87.8,22.0,0.0,6.93,26.33,43.97,1563056948.0
43,hilo,us,84.2,58.0,20.0,13.87,19.71,-155.08,1563056949.0
44,ribeira grande,pt,71.66,82.0,69.0,6.38,38.52,-28.7,1563056951.0
45,agira,it,80.01,69.0,5.0,4.7,37.66,14.52,1563056953.0
46,hamilton,bm,82.99,78.0,20.0,12.75,32.3,-64.78,1563056954.0
47,miranda de ebro,es,71.01,82.0,40.0,4.7,42.69,-2.95,1563056956.0
48,cairns,au,62.6,77.0,61.0,10.29,-16.92,145.77,1563056658.0
50,barrow,us,90.0,58.0,1.0,5.82,39.51,-90.4,1563056960.0
52,bredasdorp,za,55.99,87.0,0.0,3.27,-34.53,20.04,1563056940.0
53,oudtshoorn,za,48.2,100.0,0.0,1.12,-33.59,22.2,1563056965.0
54,pinega,ru,47.36,90.0,80.0,3.0,64.7,43.39,1563056966.0
55,pangnirtung,ca,56.9,38.0,94.0,5.77,66.15,-65.72,1563056968.0
57,kodiak,us,93.0,58.0,1.0,5.82,39.95,-94.76,1563056971.0
58,srednekolymsk,ru,66.98,57.0,27.0,14.99,67.46,153.71,1563056972.0
59,longyearbyen,sj,37.4,93.0,75.0,16.11,78.22,15.64,1563056974.0
60,mengcheng,cn,71.66,82.0,0.0,5.17,33.26,116.57,1563056975.0
62,georgetown,sh,74.54,67.0,0.0,16.51,-7.93,-14.42,1563056978.0
63,east london,za,53.84,88.0,0.0,3.2,-33.02,27.91,1563056979.0
64,salalah,om,78.8,94.0,90.0,8.05,17.01,54.1,1563056981.0
65,talnakh,ru,50.0,100.0,90.0,6.71,69.49,88.39,1563056982.0
66,bonthe,sl,74.9,93.0,100.0,9.84,7.53,-12.5,1563056984.0
68,rivadavia,ar,49.52,32.0,0.0,0.98,-31.53,-68.59,1563056987.0
69,kurgunta,in,75.98,86.0,100.0,7.83,17.2,77.35,1563056988.0
70,kaitangata,nz,48.99,74.0,100.0,5.01,-46.28,169.85,1563056990.0
72,mingshui,cn,79.58,86.0,100.0,8.1,22.81,109.89,1563056993.0
74,negombo,lk,78.8,83.0,40.0,3.36,7.21,79.83,1563056996.0
75,bluff,nz,46.0,97.0,100.0,8.99,-46.6,168.33,1563056997.0
76,saint-philippe,re,66.2,55.0,90.0,9.17,-21.36,55.77,1563056999.0
77,punta arenas,cl,41.0,93.0,90.0,6.93,-53.16,-70.91,1563056924.0
78,atuona,pf,80.87,76.0,2.0,19.19,-9.8,-139.03,1563057002.0
79,bandundu,cd,75.11,67.0,40.0,1.32,-3.32,17.38,1563057004.0
80,abu kamal,sy,75.83,37.0,0.0,17.72,34.45,40.92,1563057005.0
81,ostrovnoy,ru,40.19,96.0,91.0,5.55,68.05,39.51,1563057007.0
82,esperance,au,41.0,93.0,92.0,6.93,-33.86,121.89,1563057008.0
83,alice springs,au,35.6,67.0,0.0,5.82,-23.7,133.88,1563056713.0
85,presidencia roque saenz pena,ar,65.21,86.0,100.0,5.64,-26.79,-60.44,1563057013.0
86,hithadhoo,mv,83.39,75.0,10.0,11.32,-0.6,73.08,1563057015.0
87,chuy,uy,52.22,85.0,45.0,10.31,-33.69,-53.46,1563056730.0
88,cockburn town,bs,82.31,80.0,1.0,15.14,24.03,-74.52,1563057018.0
89,ixtapa,mx,89.01,66.0,75.0,13.87,20.71,-105.21,1563057019.0
90,santa vitoria do palmar,br,54.02,87.0,64.0,4.07,-33.52,-53.37,1563056955.0
92,balkanabat,tm,82.1,61.0,33.0,11.83,39.51,54.36,1563057000.0
93,cabedelo,br,77.0,88.0,0.0,4.7,-6.97,-34.84,1563057025.0
94,puerto el triunfo,sv,89.6,62.0,20.0,6.93,13.27,-88.55,1563057026.0
96,la ronge,ca,66.2,72.0,75.0,5.82,55.1,-105.3,1563057029.0
97,kushiro,jp,60.8,100.0,75.0,4.7,43.11,144.15,1563057031.0
98,jamestown,sh,69.53,67.0,100.0,14.14,-15.94,-5.72,1563057032.0
99,cidreira,br,56.93,94.0,100.0,8.21,-30.17,-50.22,1563057034.0
100,hambantota,lk,77.0,100.0,0.0,5.82,6.12,81.12,1563056982.0
101,aswan,eg,93.2,20.0,0.0,8.05,24.09,32.9,1563057037.0
102,mackay,au,69.01,59.0,79.0,10.29,-21.15,149.2,1563057038.0
103,torbay,ca,59.0,77.0,90.0,9.17,47.66,-52.73,1563057040.0
104,lagoa,pt,71.6,78.0,0.0,11.41,37.14,-8.45,1563056873.0
105,leh,in,37.85,67.0,25.0,1.52,34.16,77.58,1563057043.0
106,chokurdakh,ru,53.15,54.0,94.0,3.49,70.62,147.9,1563057044.0
107,khatanga,ru,54.23,54.0,0.0,7.85,71.98,102.47,1563057046.0
108,port elizabeth,za,51.8,100.0,1.0,4.7,-33.92,25.57,1563057047.0
109,tual,id,77.27,77.0,95.0,20.67,-5.67,132.75,1563057049.0
111,beira,mz,64.4,88.0,0.0,2.24,-19.84,34.84,1563057052.0
113,san patricio,mx,87.8,74.0,40.0,11.41,19.22,-104.7,1563057055.0
114,ivankiv,ua,61.0,63.0,67.0,4.47,50.93,29.9,1563057056.0
115,dresden,ca,91.99,45.0,40.0,5.82,42.6,-82.18,1563057058.0
116,fortuna,us,66.2,72.0,20.0,14.99,40.6,-124.16,1563057059.0
117,hasaki,jp,69.8,100.0,75.0,11.41,35.73,140.83,1563057061.0
118,padang,id,81.95,80.0,48.0,11.52,-0.92,100.36,1563057062.0
119,mansehra,pk,68.45,71.0,0.0,3.38,34.33,73.2,1563057064.0
120,ngunguru,nz,64.0,81.0,29.0,15.99,-35.62,174.5,1563057065.0
121,cap malheureux,mu,71.6,53.0,75.0,11.41,-19.98,57.61,1563057067.0
122,muros,es,66.99,93.0,20.0,16.11,42.77,-9.06,1563057068.0
123,sitka,us,89.01,42.0,0.0,3.0,37.17,-99.65,1563056944.0
128,tiksi,ru,47.21,92.0,100.0,12.44,71.64,128.87,1563057077.0
129,lebu,cl,53.87,81.0,79.0,16.4,-37.62,-73.65,1563057079.0
130,fuyang,cn,79.43,64.0,0.0,4.0,32.89,115.81,1563057080.0
131,coolum beach,au,53.01,66.0,20.0,1.01,-26.53,153.09,1563057082.0
132,albany,au,51.8,81.0,90.0,5.82,-35.02,117.88,1563056788.0
133,cortez,us,95.0,17.0,1.0,11.41,37.35,-108.58,1563057085.0
134,iguape,br,67.19,69.0,83.0,3.94,-24.7,-47.56,1563057086.0
135,pauini,br,77.45,68.0,48.0,1.57,-7.71,-67.0,1563057088.0
136,stornoway,gb,55.4,76.0,0.0,4.7,58.21,-6.39,1563057089.0
137,semirom,ir,62.15,21.0,76.0,1.88,31.41,51.57,1563057091.0
138,solnechnyy,ru,63.41,90.0,88.0,2.68,50.72,136.64,1563057092.0
139,fairbanks,us,73.0,64.0,1.0,4.7,64.84,-147.72,1563057094.0
140,tuktoyaktuk,ca,60.8,63.0,75.0,10.29,69.44,-133.03,1563057095.0
141,newcastle,au,50.0,61.0,0.0,18.34,-32.93,151.78,1563056882.0
142,carnarvon,au,55.4,50.0,0.0,11.41,-24.87,113.63,1563057098.0
143,kutum,sd,77.99,50.0,33.0,1.61,14.2,24.66,1563057100.0
144,luderitz,na,51.8,93.0,0.0,3.36,-26.65,15.16,1563057101.0
145,port hedland,au,62.6,29.0,0.0,12.75,-20.31,118.58,1563057103.0
146,tilichiki,ru,70.43,52.0,65.0,1.66,60.47,166.1,1563057104.0
147,dikson,ru,33.35,93.0,0.0,3.49,73.51,80.55,1563057106.0
148,salinopolis,br,81.95,76.0,59.0,18.28,-0.61,-47.36,1563057107.0
149,kuching,my,73.4,100.0,75.0,1.48,1.56,110.34,1563057109.0
150,hofn,is,43.97,82.0,100.0,10.74,64.25,-15.21,1563057110.0
153,yellowknife,ca,64.4,42.0,75.0,11.41,62.45,-114.38,1563057115.0
154,quatre cocos,mu,71.6,53.0,75.0,11.41,-20.21,57.76,1563057116.0
156,porto novo,cv,75.2,73.0,20.0,18.34,17.02,-25.06,1563057119.0
157,callaway,us,84.2,48.0,1.0,3.36,46.98,-95.91,1563057121.0
158,nalgonda,in,79.22,77.0,100.0,9.62,17.05,79.27,1563056930.0
159,hendrina,za,43.0,51.0,0.0,1.59,-26.16,29.72,1563057124.0
160,fort myers beach,us,87.8,83.0,90.0,14.99,26.45,-81.95,1563057125.0
162,puerto padre,cu,87.8,48.0,75.0,16.11,21.2,-76.61,1563057128.0
164,waris aliganj,in,80.51,88.0,99.0,3.69,25.02,85.63,1563057131.0
166,souillac,mu,71.6,53.0,75.0,11.41,-20.52,57.52,1563057134.0
167,kahului,us,91.4,41.0,20.0,19.46,20.89,-156.47,1563056989.0
168,huai thalaeng,th,80.6,83.0,20.0,6.93,15.0,102.65,1563057137.0
169,port lincoln,au,54.95,75.0,84.0,21.18,-34.72,135.86,1563057138.0
171,kavaratti,in,82.67,78.0,98.0,12.68,10.57,72.64,1563057141.0
172,viedma,ar,48.29,60.0,68.0,10.92,-40.81,-62.99,1563057143.0
173,sur,om,77.81,75.0,26.0,19.93,22.57,59.53,1563057145.0
174,bud,no,53.6,81.0,59.0,8.05,62.91,6.91,1563057147.0
175,saint george,bm,82.99,78.0,20.0,12.75,32.38,-64.68,1563057148.0
176,senanga,zm,50.09,35.0,0.0,4.32,-16.1,23.3,1563057150.0
177,khandyga,ru,78.35,51.0,6.0,4.9,62.65,135.58,1563057151.0
178,polson,us,88.0,37.0,40.0,4.7,47.69,-114.16,1563057153.0
179,ambon,id,78.01,88.0,75.0,6.93,-3.7,128.18,1563057106.0
180,san cristobal,ec,76.19,79.0,73.0,2.08,-1.02,-79.44,1563057156.0
181,aklavik,ca,71.6,43.0,75.0,8.05,68.22,-135.01,1563057157.0
182,morehead,pg,79.79,69.0,83.0,8.12,-8.71,141.64,1563057159.0
183,priladozhskiy,ru,51.8,81.0,75.0,4.12,59.85,31.48,1563057160.0
184,humberto de campos,br,75.65,93.0,61.0,6.82,-2.6,-43.46,1563057162.0
185,banda aceh,id,83.39,69.0,75.0,5.97,5.56,95.32,1563057163.0
186,pevek,ru,34.43,97.0,100.0,11.23,69.7,170.27,1563057014.0
187,maldonado,uy,50.0,87.0,75.0,5.82,-34.91,-54.96,1563057166.0
188,upernavik,gl,46.1,82.0,64.0,8.43,72.79,-56.15,1563056935.0
189,dondo,mz,64.4,88.0,0.0,2.73,-19.62,34.74,1563057169.0
190,palencia,es,68.0,75.0,50.0,11.01,42.01,-4.53,1563057171.0
191,anstruther,gb,59.0,100.0,0.0,2.24,56.22,-2.7,1563057172.0
192,mehran,ir,71.6,28.0,0.0,2.24,33.12,46.17,1563057174.0
194,mount gambier,au,50.0,76.0,90.0,18.34,-37.83,140.78,1563057176.0
195,poyarkovo,ru,71.69,79.0,100.0,10.94,49.62,128.65,1563057178.0
196,ugoofaaru,mv,83.03,72.0,71.0,4.05,5.67,73.0,1563057179.0
199,makaleng,bw,48.11,60.0,0.0,10.13,-20.8,27.27,1563057184.0
200,kitama,tz,71.6,94.0,20.0,13.87,-10.72,39.73,1563057185.0
201,cabo san lucas,mx,91.0,66.0,20.0,12.75,22.89,-109.91,1563057131.0
202,raudeberg,no,55.4,71.0,0.0,11.41,61.99,5.14,1563056946.0
203,grand gaube,mu,71.6,53.0,75.0,11.41,-20.01,57.66,1563057190.0
204,naze,jp,82.4,94.0,75.0,18.34,28.37,129.48,1563057191.0
205,kathu,th,82.4,69.0,20.0,8.05,7.91,98.33,1563057193.0
206,ahuimanu,us,87.8,78.0,75.0,14.99,21.44,-157.84,1563057194.0
208,broome,au,64.4,18.0,0.0,11.41,-17.97,122.23,1563057062.0
209,point pedro,lk,82.67,83.0,72.0,24.65,9.82,80.23,1563057073.0
210,high level,ca,69.8,49.0,75.0,2.24,58.52,-117.13,1563057200.0
213,mtwara,tz,71.6,94.0,20.0,13.87,-10.28,40.18,1563057204.0
214,half moon bay,us,82.0,87.0,90.0,10.29,37.46,-122.43,1563056971.0
215,zhigansk,ru,66.29,39.0,99.0,8.68,66.77,123.37,1563057207.0
216,dingle,ie,60.35,83.0,0.0,11.48,52.14,-10.27,1563057209.0
217,severo-kurilsk,ru,44.87,88.0,0.0,5.06,50.68,156.12,1563057211.0
218,verkhniy avzyan,ru,61.61,85.0,99.0,3.78,53.53,57.54,1563057212.0
219,necochea,ar,48.0,85.0,0.0,3.06,-38.55,-58.74,1563057214.0
221,nador,ma,78.8,57.0,0.0,9.17,35.17,-2.93,1563057112.0
222,saint-paul,re,66.2,72.0,75.0,4.7,-21.01,55.27,1563057218.0
223,karabulak,kz,67.37,53.0,0.0,3.38,44.91,78.49,1563057220.0
224,jinka,et,62.15,91.0,100.0,4.68,5.79,36.57,1563057221.0
225,kirovsk,ru,42.71,92.0,100.0,4.61,67.62,33.66,1563057223.0
226,macenta,gn,67.73,99.0,100.0,3.24,8.55,-9.47,1563057224.0
229,kraskino,ru,61.97,92.0,100.0,1.52,42.71,130.78,1563057229.0
230,ahipara,nz,58.37,74.0,93.0,31.09,-35.17,173.16,1563057015.0
231,hami,cn,81.41,28.0,7.0,7.38,42.84,93.51,1563057232.0
232,sept-iles,ca,57.99,100.0,90.0,3.36,50.2,-66.38,1563057233.0
233,kruisfontein,za,53.15,83.0,0.0,7.58,-34.0,24.73,1563057235.0
235,gander,ca,64.4,63.0,90.0,8.05,48.95,-54.61,1563057238.0
236,provideniya,ru,61.58,62.0,0.0,4.63,64.42,-173.23,1563056981.0
237,nikolskoye,ru,51.8,81.0,75.0,0.98,59.7,30.79,1563056943.0
239,kenai,us,69.01,72.0,90.0,5.82,60.55,-151.26,1563057244.0
241,bousse,bf,84.2,66.0,20.0,8.05,12.66,-1.89,1563057246.0
242,aykino,ru,47.75,92.0,13.0,2.44,62.22,49.99,1563057248.0
243,ulladulla,au,46.99,56.0,0.0,13.87,-35.36,150.48,1563057249.0
244,sao filipe,cv,74.03,84.0,4.0,15.7,14.9,-24.5,1563057251.0
245,beringovskiy,ru,67.37,62.0,99.0,3.33,63.05,179.32,1563057252.0
246,touros,br,77.0,88.0,20.0,3.36,-5.2,-35.46,1563057254.0
248,sehithwa,bw,50.99,23.0,0.0,3.49,-20.47,22.7,1563057257.0
249,flinders,au,48.0,58.0,0.0,13.87,-34.58,150.85,1563057258.0
250,huarmey,pe,62.51,87.0,3.0,17.25,-10.07,-78.15,1563057260.0
251,palmer,us,69.01,59.0,90.0,4.7,61.6,-149.11,1563057262.0
252,stromness,gb,53.6,93.0,82.0,8.05,58.97,-3.3,1563057263.0
253,cancun,mx,89.6,59.0,75.0,12.75,21.17,-86.85,1563057053.0
254,te anau,nz,44.33,79.0,96.0,7.09,-45.41,167.72,1563057266.0
255,dunedin,nz,51.01,76.0,100.0,11.99,-45.87,170.5,1563057109.0
256,cullera,es,79.0,78.0,20.0,4.7,39.16,-0.25,1563057269.0
257,qaqortoq,gl,59.0,51.0,48.0,6.93,60.72,-46.03,1563057271.0
258,khash,ir,65.39,36.0,0.0,1.7,28.22,61.21,1563057272.0
259,batagay-alyta,ru,63.05,67.0,96.0,4.65,67.8,130.41,1563057274.0
260,sanary-sur-mer,fr,80.01,38.0,0.0,3.36,43.12,5.8,1563057275.0
261,lompoc,us,93.99,72.0,1.0,13.87,34.64,-120.46,1563057277.0
262,ketchikan,us,69.8,60.0,90.0,11.41,55.34,-131.65,1563057165.0
263,taoudenni,ml,99.23,14.0,29.0,12.01,22.68,-3.98,1563057280.0
264,pisco,pe,71.6,30.0,40.0,16.11,-13.71,-76.2,1563057281.0
265,castro,cl,48.2,87.0,75.0,17.22,-42.48,-73.76,1563057283.0
268,kamenka,ru,64.0,68.0,9.0,4.23,53.19,44.05,1563057287.0
269,vaini,to,71.6,73.0,20.0,12.75,-21.2,-175.2,1563057289.0
270,mobaye,cf,68.45,95.0,60.0,0.54,4.33,21.18,1563057290.0
271,katsuura,jp,71.6,100.0,75.0,6.93,33.93,134.5,1563057292.0
272,acapulco,mx,87.8,70.0,75.0,4.7,16.86,-99.88,1563057293.0
273,filingue,ne,85.37,54.0,48.0,5.61,14.35,3.32,1563057295.0
274,kiruna,se,53.6,81.0,94.0,2.24,67.86,20.23,1563057296.0
275,veinticinco de mayo,ar,63.23,82.0,100.0,1.5,-27.38,-54.75,1563057298.0
276,broken hill,au,37.4,93.0,0.0,4.7,-31.97,141.45,1563057299.0
277,arlit,ne,96.71,18.0,41.0,5.99,18.74,7.39,1563057301.0
278,harnosand,se,53.01,81.0,73.0,3.36,62.63,17.94,1563057303.0
279,prince george,ca,73.99,40.0,20.0,6.93,53.92,-122.75,1563057304.0
280,haines junction,ca,63.95,46.0,96.0,9.91,60.75,-137.51,1563057306.0
281,norman wells,ca,71.6,37.0,20.0,13.87,65.28,-126.83,1563057307.0
282,kontagora,ng,75.11,87.0,80.0,3.53,10.4,5.47,1563057309.0
283,guadix,es,75.2,50.0,0.0,10.29,37.3,-3.14,1563057310.0
284,tonantins,br,73.49,97.0,73.0,2.75,-2.86,-67.77,1563057312.0
285,alofi,nu,75.2,78.0,78.0,16.11,-19.06,-169.92,1563057313.0
286,williston,us,91.0,43.0,1.0,9.17,48.15,-103.62,1563057315.0
287,pacific grove,us,96.01,68.0,1.0,12.75,36.62,-121.92,1563057281.0
288,husavik,is,53.6,93.0,75.0,3.36,66.04,-17.34,1563057318.0
289,junin,ar,48.29,68.0,7.0,5.23,-34.58,-60.94,1563057319.0
290,eureka,us,66.2,82.0,20.0,4.7,40.8,-124.16,1563057321.0
291,clyde river,ca,57.2,58.0,75.0,21.92,70.47,-68.59,1563057322.0
292,limbang,my,77.0,94.0,75.0,4.7,4.75,115.0,1563057324.0
293,paamiut,gl,43.07,91.0,40.0,5.59,61.99,-49.67,1563057325.0
296,zhanaozen,kz,75.11,64.0,15.0,17.05,43.35,52.85,1563057330.0
297,pimentel,pe,66.2,29.0,20.0,24.16,-6.84,-79.94,1563057331.0
298,tubuala,pa,78.8,88.0,40.0,5.82,9.52,-79.03,1563057333.0
299,novoagansk,ru,61.25,66.0,0.0,5.99,61.94,76.66,1563057334.0
300,gillette,us,87.8,33.0,1.0,12.75,44.29,-105.5,1563057336.0
301,asyut,eg,87.8,33.0,0.0,6.93,27.18,31.19,1563057337.0
302,shenjiamen,cn,73.85,88.0,100.0,6.24,29.96,122.3,1563057339.0
304,vardo,no,43.61,85.0,100.0,10.36,70.37,31.11,1563057342.0
305,verkhnyaya inta,ru,58.73,95.0,100.0,11.59,65.99,60.32,1563057343.0
306,poniatowa,pl,62.01,82.0,0.0,6.93,51.19,22.07,1563057345.0
307,port alberni,ca,73.99,60.0,40.0,11.41,49.24,-124.81,1563057347.0
310,karcsa,hu,57.2,87.0,20.0,1.12,48.31,21.79,1563057351.0
311,saldanha,za,48.2,87.0,0.0,2.24,-33.01,17.94,1563057353.0
312,vanimo,pg,81.23,73.0,64.0,2.26,-2.67,141.3,1563057354.0
313,lopandino,ru,49.55,89.0,40.0,1.41,52.46,34.82,1563057356.0
314,walvis bay,na,60.8,82.0,0.0,1.12,-22.95,14.51,1563057357.0
315,vestmannaeyjar,is,51.53,95.0,100.0,8.21,63.44,-20.27,1563057359.0
317,caravelas,br,70.97,80.0,0.0,6.78,-17.73,-39.27,1563057362.0
318,tongliao,cn,77.99,55.0,95.0,6.53,43.61,122.27,1563057363.0
319,araouane,ml,94.37,36.0,41.0,21.54,18.9,-3.53,1563057365.0
320,kalmunai,lk,76.19,88.0,98.0,2.95,7.42,81.82,1563057366.0
321,mahebourg,mu,71.6,53.0,75.0,11.41,-20.41,57.7,1563057368.0
322,arraial do cabo,br,69.8,73.0,0.0,4.7,-22.97,-42.02,1563057369.0
324,joshimath,in,54.05,94.0,100.0,2.1,30.57,79.57,1563057372.0
325,grindavik,is,55.0,93.0,90.0,10.29,63.84,-22.43,1563057374.0
326,verkhoyansk,ru,70.25,57.0,11.0,4.03,67.55,133.39,1563057375.0
327,guerrero negro,mx,69.17,84.0,0.0,12.88,27.97,-114.04,1563057377.0
328,batken,kg,73.31,33.0,0.0,5.19,40.06,70.82,1563057378.0
329,lucea,jm,86.0,74.0,40.0,9.17,18.44,-78.17,1563057380.0
330,mogadishu,so,75.11,86.0,99.0,13.67,2.04,45.34,1563057147.0
332,honningsvag,no,45.23,78.0,100.0,6.11,70.98,25.97,1563057384.0
333,cambridge,us,91.99,52.0,20.0,6.93,41.3,-90.19,1563057110.0
334,portland,au,39.0,82.0,68.0,11.99,-33.35,149.98,1563057387.0
335,vao,nc,70.79,76.0,89.0,3.36,-22.67,167.48,1563057389.0
336,siguiri,gn,75.11,86.0,57.0,2.04,11.42,-9.17,1563057390.0
337,mareeba,au,68.0,64.0,74.0,10.29,-16.99,145.42,1563057392.0
338,chabahar,ir,84.2,79.0,78.0,9.17,25.29,60.65,1563057393.0
339,egvekinot,ru,74.39,38.0,50.0,4.16,66.32,-179.17,1563057395.0
340,ejura,gh,70.43,97.0,23.0,4.45,7.38,-1.37,1563057396.0
341,kodinsk,ru,70.07,49.0,0.0,1.19,58.6,99.18,1563057398.0
343,tura,ru,59.45,87.0,100.0,2.33,64.27,100.22,1563057401.0
344,yulara,au,39.2,80.0,0.0,6.93,-25.24,130.99,1563057402.0
345,tromso,no,51.8,76.0,90.0,6.93,69.65,18.96,1563057389.0
346,sungairaya,id,81.59,79.0,87.0,17.85,0.7,108.9,1563057405.0
347,marietta,us,82.99,69.0,90.0,8.05,33.95,-84.55,1563057407.0
348,zhuhai,cn,62.6,77.0,0.0,6.71,40.71,112.04,1563057408.0
349,yashalta,ru,59.45,87.0,7.0,3.49,46.34,42.27,1563057410.0
350,manggar,id,76.55,83.0,57.0,4.34,-2.88,108.27,1563057412.0
352,kashi,cn,78.8,21.0,0.0,13.42,39.45,75.98,1563057415.0
353,atar,mr,100.85,14.0,85.0,11.23,20.52,-13.05,1563057416.0
356,plettenberg bay,za,54.77,68.0,0.0,4.85,-34.05,23.37,1563057421.0
357,mahajanga,mg,75.2,64.0,20.0,2.24,-15.72,46.32,1563057422.0
358,valparaiso,cl,59.0,66.0,0.0,11.41,-33.04,-71.63,1563057180.0
360,actopan,mx,69.89,64.0,96.0,12.17,20.27,-98.94,1563057427.0
361,awjilah,ly,76.19,58.0,0.0,9.1,29.14,21.3,1563057428.0
362,hovd,mn,57.83,60.0,48.0,2.68,48.01,91.64,1563057430.0
363,nanning,cn,75.2,100.0,90.0,4.47,22.83,108.3,1563057431.0
364,yenagoa,ng,73.67,95.0,99.0,3.02,4.92,6.26,1563057433.0
365,kendari,id,73.49,90.0,37.0,2.73,-3.99,122.52,1563057434.0
366,taber,ca,86.0,28.0,75.0,4.7,49.79,-112.14,1563057394.0
368,zabid,ye,73.85,56.0,73.0,1.43,14.2,44.5,1563057438.0
370,petropavlovsk-kamchatskiy,ru,59.0,67.0,0.0,4.47,53.05,158.65,1563057441.0
371,sibolga,id,81.23,77.0,57.0,6.98,1.74,98.78,1563057443.0
372,kavieng,pg,83.39,74.0,48.0,9.66,-2.57,150.8,1563057444.0
373,labytnangi,ru,50.27,98.0,100.0,8.55,66.66,66.39,1563057446.0
374,mamallapuram,in,82.4,74.0,40.0,11.41,12.63,80.17,1563057447.0
376,gayeri,bf,84.47,53.0,19.0,9.31,12.65,0.49,1563057450.0
377,pundaguitan,ph,77.81,82.0,100.0,3.06,6.37,126.17,1563057452.0
378,bojnurd,ir,75.2,78.0,0.0,9.17,37.47,57.33,1563057453.0
379,port augusta,au,44.01,93.0,90.0,9.17,-32.49,137.76,1563057455.0
380,dicabisagan,ph,79.25,84.0,64.0,1.99,17.08,122.42,1563057456.0
381,narsaq,gl,59.0,51.0,48.0,6.93,60.91,-46.05,1563057458.0
382,obo,cf,66.47,96.0,100.0,1.03,5.39,26.49,1563057459.0
384,meulaboh,id,82.85,72.0,52.0,5.79,4.14,96.13,1563057462.0
385,uusikaupunki,fi,54.0,76.0,0.0,1.12,60.8,21.41,1563057464.0
386,comodoro rivadavia,ar,50.0,61.0,0.0,5.82,-45.87,-67.48,1563057465.0
387,aykhal,ru,57.2,87.0,75.0,4.47,65.95,111.51,1563057467.0
388,yeppoon,au,57.2,35.0,89.0,12.75,-23.13,150.74,1563057468.0
389,byron bay,au,59.0,40.0,54.0,8.05,-28.65,153.62,1563057470.0
391,puquio,pe,44.69,56.0,11.0,2.73,-14.69,-74.12,1563057473.0
392,arman,ru,77.63,45.0,20.0,5.97,59.7,150.17,1563057474.0
393,geraldton,au,51.8,71.0,0.0,10.29,-28.77,114.6,1563057476.0
394,walla walla,us,90.0,25.0,1.0,11.41,46.06,-118.33,1563057433.0
395,nouadhibou,mr,71.6,73.0,0.0,16.11,20.93,-17.03,1563057479.0
396,lasem,id,70.25,79.0,46.0,4.99,-6.99,112.52,1563057481.0
397,sabang,id,81.05,69.0,99.0,6.76,1.17,120.82,1563057482.0
398,megion,ru,57.2,100.0,2.0,6.4,61.04,76.11,1563057484.0
400,tynda,ru,65.21,79.0,42.0,7.72,55.15,124.74,1563057487.0
401,chumikan,ru,56.21,85.0,100.0,4.14,54.72,135.31,1563057488.0
402,nome,us,87.01,74.0,90.0,11.41,30.04,-94.42,1563057490.0
404,kirakira,sb,82.85,75.0,100.0,9.69,-10.46,161.92,1563057493.0
405,bezdan,rs,60.8,93.0,20.0,9.17,45.85,18.93,1563057494.0
406,coihaique,cl,39.2,86.0,75.0,9.17,-45.58,-72.07,1563057496.0
408,manbij,sy,72.0,35.0,0.0,10.29,36.53,37.96,1563057499.0
409,berbera,so,90.95,47.0,41.0,27.65,10.44,45.01,1563057500.0
410,sechura,pe,65.57,84.0,87.0,14.18,-5.56,-80.82,1563057440.0
411,meru,ke,47.21,86.0,75.0,3.51,0.05,37.65,1563057503.0
413,kaeo,nz,58.55,92.0,65.0,20.54,-35.1,173.78,1563057506.0
414,nagapattinam,in,81.77,75.0,81.0,7.18,10.76,79.84,1563057508.0
415,xining,cn,47.93,92.0,100.0,3.44,36.62,101.77,1563057509.0
416,san rafael,ar,48.47,58.0,0.0,3.6,-34.61,-68.33,1563057511.0
417,thinadhoo,mv,83.57,72.0,34.0,7.65,0.53,72.93,1563057512.0
418,bambanglipuro,id,72.95,79.0,48.0,12.37,-7.95,110.28,1563057514.0
419,ramnagar,in,86.0,66.0,40.0,9.17,27.09,81.4,1563057515.0
420,harper,lr,74.57,80.0,24.0,6.46,4.38,-7.71,1563057517.0
421,jacareacanga,br,79.07,59.0,61.0,2.93,-6.22,-57.76,1563057518.0
422,mandalgovi,mn,71.15,44.0,0.0,11.39,45.76,106.27,1563057520.0
423,douglas,us,87.8,66.0,1.0,4.7,31.51,-82.85,1563057521.0
424,usinsk,ru,56.57,95.0,100.0,12.66,66.0,57.56,1563057458.0
425,hay river,ca,66.2,48.0,75.0,10.29,60.82,-115.79,1563057524.0
426,mukhen,ru,71.33,69.0,84.0,4.43,48.19,136.14,1563057526.0
428,ust-uda,ru,63.41,60.0,73.0,2.75,54.17,103.03,1563057529.0
429,tonkino,ru,52.07,96.0,49.0,3.44,57.37,46.46,1563057530.0
430,aguimes,es,73.4,69.0,75.0,23.04,27.91,-15.45,1563057532.0
431,mozarlandia,br,74.75,38.0,3.0,1.03,-14.74,-50.57,1563057277.0
432,horlivka,ua,57.65,78.0,14.0,1.01,48.31,38.0,1563057535.0
433,santa ana,mx,95.0,34.0,86.0,5.01,30.54,-111.12,1563057402.0
434,rexburg,us,93.2,24.0,1.0,18.34,43.82,-111.79,1563057479.0
436,ekhinos,gr,73.99,83.0,40.0,5.82,41.28,24.97,1563057541.0
437,mantamados,gr,74.03,62.0,30.0,6.82,39.31,26.33,1563057542.0
438,iberia,pe,74.21,74.0,85.0,2.73,-11.41,-69.49,1563057544.0
439,port-cartier,ca,57.99,100.0,90.0,3.36,50.03,-66.88,1563057545.0
440,karpathos,gr,73.4,78.0,0.0,10.29,35.51,27.21,1563057547.0
441,santa cruz,cr,87.8,55.0,20.0,11.41,10.26,-85.58,1563057549.0
442,shimoda,jp,70.0,96.0,100.0,1.99,34.7,138.93,1563057550.0
443,marivan,ir,62.15,39.0,0.0,2.77,35.52,46.18,1563057552.0
444,paracambi,br,73.4,88.0,0.0,2.24,-22.61,-43.71,1563057553.0
445,kedzierzyn-kozle,pl,62.01,93.0,20.0,2.24,50.35,18.23,1563057309.0
446,ilulissat,gl,50.0,71.0,40.0,4.7,69.22,-51.1,1563057556.0
448,svetlogorsk,ru,73.4,38.0,40.0,8.95,53.14,59.15,1563057454.0
449,labuhan,id,73.31,79.0,71.0,0.81,-2.54,115.51,1563057560.0
450,berlevag,no,44.33,80.0,97.0,7.52,70.86,29.09,1563057562.0
451,makakilo city,us,87.8,52.0,75.0,17.22,21.35,-158.09,1563057468.0
452,alexandria,us,91.4,38.0,20.0,9.17,38.81,-77.05,1563057565.0
453,nurota,uz,77.0,16.0,0.0,6.93,40.56,65.69,1563057566.0
454,puerto madryn,ar,49.01,48.0,0.0,9.33,-42.77,-65.04,1563057546.0
455,leningradskiy,ru,40.19,91.0,78.0,14.5,69.38,178.42,1563057569.0
456,narimanov,ru,68.0,56.0,0.0,4.47,46.69,47.85,1563057571.0
458,hualmay,pe,62.33,85.0,7.0,15.86,-11.1,-77.61,1563057574.0
459,altay,cn,57.29,60.0,100.0,5.48,47.83,88.13,1563057575.0
460,bastia,fr,79.0,68.0,0.0,3.36,42.7,9.45,1563057577.0
461,coquimbo,cl,60.01,81.0,0.0,5.82,-29.95,-71.34,1563057578.0
462,imeni poliny osipenko,ru,68.45,66.0,99.0,4.0,52.42,136.49,1563057580.0
463,jodhpur,in,81.41,70.0,5.0,26.24,26.3,73.04,1563057581.0
464,njombe,tz,44.33,97.0,5.0,2.62,-9.34,34.77,1563057583.0
465,buta,cd,67.55,98.0,75.0,1.74,2.79,24.73,1563057381.0
466,nishihara,jp,71.01,100.0,90.0,6.35,35.74,139.53,1563057586.0
467,nichinan,jp,78.8,100.0,75.0,6.93,31.65,131.31,1563057587.0
468,emilio carranza,mx,82.13,80.0,100.0,2.37,19.97,-96.61,1563057589.0
469,garowe,so,77.27,63.0,63.0,26.33,8.41,48.48,1563057590.0
470,verkh-usugli,ru,64.67,51.0,1.0,3.91,52.7,115.17,1563057592.0
471,springbok,za,47.75,88.0,0.0,2.89,-29.67,17.88,1563057593.0
472,carutapera,br,77.27,83.0,23.0,6.53,-1.2,-46.02,1563057595.0
473,lorengau,pg,82.49,76.0,98.0,10.69,-2.02,147.27,1563057596.0
474,saint-pierre,pm,51.8,100.0,75.0,19.46,46.77,-56.17,1563057489.0
475,new norfolk,au,46.4,75.0,75.0,9.17,-42.78,147.06,1563057599.0
476,tulsipur,np,75.11,95.0,100.0,3.0,28.13,82.29,1563057601.0
477,takoradi,gh,70.61,95.0,13.0,2.33,4.89,-1.75,1563057602.0
479,changji,cn,77.09,75.0,0.0,2.89,32.07,116.17,1563057605.0
480,saint-augustin,ca,82.0,65.0,75.0,8.05,45.63,-73.98,1563057607.0
481,tigil,ru,67.37,62.0,1.0,10.38,57.8,158.67,1563057608.0
482,rabat,ma,71.01,88.0,40.0,4.09,34.02,-6.83,1563057610.0
483,umm lajj,sa,86.99,67.0,0.0,14.99,25.02,37.27,1563057611.0
484,camacha,pt,71.6,78.0,75.0,12.75,33.08,-16.33,1563057613.0
485,guane,cu,86.09,74.0,76.0,8.23,22.2,-84.09,1563057615.0
488,aksu,cn,77.09,40.0,100.0,1.23,41.12,80.26,1563057619.0
489,prado,br,66.47,88.0,0.0,4.45,-17.34,-39.22,1563057621.0
490,sembe,cg,67.91,95.0,47.0,1.54,1.65,14.58,1563057622.0
491,gariaband,in,76.01,82.0,9.0,6.38,20.63,82.06,1563057624.0
492,matara,lk,77.27,91.0,78.0,3.47,5.95,80.54,1563057625.0
493,sarangani,ph,78.71,84.0,100.0,14.05,5.4,125.46,1563057627.0
494,palana,ru,51.35,88.0,0.0,15.28,59.08,159.95,1563057628.0
495,ninomiya,jp,71.01,100.0,90.0,2.64,35.73,139.32,1563057630.0
496,zhangye,cn,63.59,44.0,49.0,6.08,38.94,100.46,1563057631.0
497,krasnogvardeyets,ru,61.07,79.0,0.0,6.11,46.16,39.17,1563057633.0
498,baruun-urt,mn,74.21,40.0,9.0,3.91,46.68,113.28,1563057634.0
499,taltal,cl,51.71,78.0,100.0,3.18,-25.41,-70.49,1563057636.0
500,oranjestad,aw,84.2,74.0,20.0,20.8,12.52,-70.03,1563057637.0
501,saint-raymond,ca,80.6,44.0,1.0,10.29,46.89,-71.84,1563057639.0
502,kalabo,zm,51.53,25.0,0.0,5.93,-15.0,22.67,1563057640.0
503,lieksa,fi,42.53,96.0,59.0,4.36,63.32,30.02,1563057642.0
504,umba,ru,47.39,81.0,94.0,7.4,66.69,34.34,1563057643.0
505,uyuni,bo,42.71,22.0,0.0,8.86,-20.46,-66.82,1563057645.0
506,botou,cn,83.57,46.0,36.0,4.74,38.08,116.55,1563057646.0
507,constitucion,mx,75.2,31.0,75.0,9.17,23.99,-104.67,1563057648.0
508,dongzhen,cn,64.13,89.0,100.0,2.91,43.33,129.73,1563057649.0
509,srandakan,id,72.95,79.0,48.0,12.37,-7.94,110.25,1563057651.0
510,guarda,pt,66.0,86.0,0.0,3.2,40.54,-7.27,1563057652.0
511,palmas,br,82.4,37.0,0.0,2.24,-10.18,-48.33,1563057654.0
512,saint-joseph,re,66.2,55.0,90.0,9.17,-21.37,55.62,1563057655.0
513,mathbaria,bd,82.13,84.0,100.0,9.26,22.29,89.96,1563057657.0
514,kindersley,ca,82.99,54.0,90.0,5.82,51.47,-109.16,1563057658.0
515,jumla,np,53.87,98.0,100.0,2.21,29.28,82.18,1563057660.0
516,tripoli,ly,83.93,55.0,0.0,10.07,32.88,13.19,1563057661.0
517,laborie,lc,82.4,78.0,40.0,19.46,13.75,-60.98,1563057663.0
518,trincomalee,lk,78.71,77.0,84.0,8.21,8.58,81.23,1563057664.0
519,richards bay,za,68.99,76.0,0.0,19.73,-28.77,32.06,1563057666.0
520,launceston,au,51.01,81.0,40.0,17.22,-41.43,147.14,1563057631.0
521,valle de allende,mx,82.49,31.0,53.0,10.4,26.94,-105.39,1563057669.0
522,lakes entrance,au,48.99,66.0,99.0,3.0,-37.88,147.99,1563057670.0
523,zapolyarnyy,ru,44.6,81.0,99.0,4.7,69.43,30.82,1563057672.0
524,eregli,tr,61.25,45.0,5.0,1.74,37.51,34.05,1563057674.0
525,russell,nz,56.75,96.0,57.0,10.31,-35.26,174.12,1563057675.0
527,jurmala,lv,50.0,100.0,0.0,2.24,56.97,23.77,1563057678.0
528,badiraguato,mx,95.0,58.0,75.0,8.05,25.36,-107.55,1563057680.0
529,santiago de cao,pe,64.4,82.0,90.0,10.29,-7.96,-79.24,1563057681.0
530,almonte,es,71.6,78.0,0.0,10.29,37.26,-6.52,1563057683.0
531,tessalit,ml,90.05,32.0,11.0,7.56,20.2,1.01,1563057684.0
532,ishigaki,jp,84.2,89.0,20.0,16.11,24.34,124.16,1563057686.0
533,fukue,jp,78.01,94.0,75.0,12.75,35.03,136.69,1563057687.0
534,tokur,ru,58.19,90.0,100.0,3.67,53.13,132.9,1563057689.0
535,gulariya,np,77.09,92.0,67.0,6.31,28.23,81.33,1563057691.0
536,acqui terme,it,80.6,44.0,0.0,4.7,44.68,8.47,1563057692.0
537,rocha,uy,45.23,90.0,49.0,6.96,-34.48,-54.34,1563057694.0
538,mount isa,au,51.8,53.0,58.0,14.99,-20.73,139.49,1563057695.0
539,turbiv,ua,54.41,86.0,19.0,3.4,49.34,28.73,1563057697.0
540,santa vitoria,br,76.37,76.0,60.0,0.09,-7.82,-67.03,1563057698.0
541,wajima,jp,71.33,85.0,100.0,6.64,37.4,136.9,1563057700.0
542,svetlaya,ru,56.03,92.0,100.0,4.68,46.54,138.33,1563057701.0
543,vila franca do campo,pt,69.8,94.0,20.0,8.05,37.72,-25.43,1563057703.0
544,ghanzi,bw,51.71,21.0,0.0,3.89,-21.7,21.65,1563057704.0
545,komsomolskiy,ru,56.57,88.0,100.0,17.74,67.55,63.78,1563057706.0
546,victoria,sc,78.8,88.0,75.0,17.22,-4.62,55.45,1563057707.0
547,gloucester,us,90.0,70.0,1.0,6.93,37.41,-76.53,1563057709.0
548,winnemucca,us,96.8,11.0,1.0,19.46,40.97,-117.74,1563057710.0
549,ojinaga,mx,96.8,25.0,1.0,4.7,29.57,-104.42,1563057712.0
550,princeton,ca,80.6,36.0,75.0,5.82,49.46,-120.51,1563057713.0
551,roma,au,50.27,45.0,60.0,15.5,-26.57,148.79,1563057715.0
552,imbituba,br,68.0,72.0,0.0,4.7,-28.24,-48.67,1563057716.0
553,acuitzio,mx,77.27,43.0,77.0,3.09,20.34,-101.98,1563057718.0
554,omboue,ga,73.13,89.0,63.0,11.12,-1.57,9.26,1563057719.0
555,bilma,ne,92.03,26.0,6.0,7.83,18.69,12.92,1563057721.0
556,morong,ph,84.99,78.0,40.0,3.24,14.52,121.24,1563057722.0
557,ancud,cl,48.2,87.0,75.0,17.22,-41.87,-73.83,1563057724.0
558,dubai,ae,98.6,35.0,0.0,4.7,25.27,55.3,1563057705.0
559,gerash,ir,86.09,34.0,71.0,3.15,27.67,54.14,1563057727.0
561,lixourion,gr,75.0,73.0,0.0,8.63,38.2,20.43,1563057730.0
562,margate,za,56.57,45.0,0.0,2.57,-30.86,30.37,1563057731.0
563,trinidad,us,91.4,16.0,1.0,12.75,37.17,-104.5,1563057733.0
564,zhigalovo,ru,64.49,58.0,58.0,1.95,54.81,105.15,1563057734.0
566,rio grande,br,53.6,87.0,90.0,6.93,-32.03,-52.1,1563057737.0
567,lensk,ru,65.39,74.0,95.0,3.24,60.71,114.91,1563057739.0
568,maitum,ph,76.91,88.0,100.0,2.55,6.06,124.5,1563057740.0
569,tabas,ir,98.6,12.0,0.0,2.24,33.6,56.92,1563057742.0
570,buala,sb,79.07,84.0,100.0,5.21,-8.15,159.59,1563057743.0
571,tocopilla,cl,58.73,83.0,83.0,9.69,-22.09,-70.2,1563057745.0
572,antofagasta,cl,55.4,71.0,75.0,12.75,-23.65,-70.4,1563057621.0
574,oktyabrskoye,ru,64.0,87.0,0.0,2.24,56.73,85.44,1563057750.0
575,matagami,ca,66.2,59.0,90.0,14.99,49.76,-77.63,1563057751.0
576,west wendover,us,96.8,13.0,1.0,8.05,40.74,-114.07,1563057753.0
577,tulun,ru,59.27,79.0,100.0,2.66,54.56,100.58,1563057754.0
578,sassandra,ci,69.17,98.0,13.0,1.52,4.95,-6.09,1563057756.0
579,prachuap khiri khan,th,73.13,89.0,96.0,8.03,11.81,99.79,1563057757.0
580,wagar,sd,79.97,68.0,96.0,14.03,16.15,36.2,1563057759.0
581,ko samui,th,82.4,78.0,20.0,8.05,9.54,99.94,1563057760.0
582,lima,pe,62.6,82.0,90.0,8.05,-12.06,-77.04,1563057628.0
583,anadyr,ru,64.4,77.0,40.0,2.24,64.73,177.51,1563057763.0
585,kipushi,cd,50.27,41.0,0.0,5.14,-11.76,27.24,1563057766.0
586,zyryanskoye,ru,63.95,85.0,53.0,9.4,56.83,86.62,1563057767.0
587,miri,my,75.0,94.0,75.0,2.24,4.41,114.01,1563057486.0
590,zyryanka,ru,83.93,39.0,100.0,5.68,65.73,150.89,1563057773.0
591,nouakchott,mr,78.8,78.0,21.0,12.75,18.08,-15.98,1563057775.0
592,astana,kz,57.2,71.0,0.0,11.18,51.13,71.43,1563057776.0
593,tombouctou,ml,85.73,53.0,83.0,22.75,16.77,-3.01,1563057778.0
594,berevoesti,ro,47.57,91.0,100.0,2.15,45.23,24.92,1563057779.0
595,sabha,ly,88.25,23.0,0.0,13.11,27.03,14.43,1563057781.0
596,sobolevo,ru,46.85,85.0,4.0,2.37,54.43,31.9,1563057782.0
597,pumiao,cn,75.2,100.0,90.0,4.47,22.75,108.49,1563057784.0
599,jatiroto,id,69.53,83.0,51.0,2.1,-7.61,109.46,1563057787.0
600,nocupetaro,mx,75.47,86.0,39.0,3.18,19.05,-101.15,1563057788.0
601,talisayan,ph,84.99,78.0,40.0,1.72,14.31,120.97,1563057790.0
602,koumac,nc,71.87,67.0,100.0,8.88,-20.56,164.28,1563057791.0
603,yar-sale,ru,51.35,91.0,100.0,14.79,66.83,70.83,1563057793.0
604,beckley,us,87.8,39.0,1.0,10.29,37.78,-81.19,1563057538.0
605,demyansk,ru,49.55,95.0,98.0,2.33,57.64,32.46,1563057796.0
606,coahuayana,mx,82.85,74.0,39.0,2.55,18.62,-100.35,1563057797.0
607,lodja,cd,69.53,90.0,43.0,1.88,-3.52,23.6,1563057799.0
608,namibe,ao,66.11,81.0,65.0,1.32,-15.19,12.15,1563057800.0
609,leshukonskoye,ru,51.71,66.0,95.0,1.28,64.9,45.76,1563057802.0
610,kinkala,cg,75.2,78.0,53.0,2.24,-4.35,14.75,1563057803.0
611,harlingen,nl,60.01,77.0,90.0,17.22,53.18,5.41,1563057521.0
612,masaurhi,in,75.2,94.0,90.0,3.36,25.35,85.03,1563057806.0
613,adrano,it,80.01,69.0,5.0,4.7,37.66,14.83,1563057808.0
614,ilo,pe,59.45,80.0,100.0,5.1,-17.65,-71.34,1563057809.0
616,iranshahr,ir,79.79,58.0,0.0,0.78,27.21,60.69,1563057812.0
617,lashio,mm,69.71,99.0,94.0,1.68,22.93,97.75,1563057814.0
618,manta,ec,75.2,83.0,75.0,10.29,-0.95,-80.73,1563057616.0
619,puerto quijarro,bo,84.2,66.0,20.0,6.93,-19.0,-57.72,1563057817.0
620,tamayo,do,87.8,62.0,75.0,23.04,18.4,-71.2,1563057818.0
621,pemba,mz,75.2,83.0,75.0,11.41,-12.97,40.52,1563057820.0
622,maxixe,mz,59.27,96.0,0.0,1.68,-23.86,35.35,1563057821.0
623,muscat,om,86.0,100.0,20.0,6.93,23.6,58.55,1563057823.0
624,samfya,zm,51.53,61.0,0.0,4.36,-11.37,29.56,1563057824.0
625,sao joao da barra,br,69.8,77.0,0.0,3.36,-21.64,-41.05,1563057826.0
626,sarmanovo,ru,59.0,93.0,90.0,13.42,55.25,52.59,1563057827.0
627,yigou,cn,85.91,35.0,13.0,0.87,35.81,114.32,1563057829.0
628,portel,br,72.77,97.0,84.0,2.62,-1.94,-50.82,1563057830.0
629,port hardy,ca,64.4,77.0,75.0,6.93,50.7,-127.42,1563057751.0
